{
    "dc_per_class_pp_all": {
        "1": 0.6786660996335532,
        "10": 0.7675499447186539,
        "11": 0.7688865472881667,
        "12": 0.7636860119898113,
        "13": 0.762441885061601,
        "14": 0.7170606399673175,
        "15": 0.7003270447142822,
        "16": 0.5545799482009043,
        "17": 0.7247586010233685,
        "18": 0.7271076806246706,
        "19": 0.7984776867854282,
        "2": 0.8047525225226105,
        "20": 0.80123112810752,
        "3": 0.8054870180223943,
        "4": 0.8148764542912913,
        "5": 0.813687793668847,
        "6": 0.7823511082008289,
        "7": 0.7789510182147757,
        "8": 0.7137965593410557,
        "9": 0.7136074453117808
    },
    "dc_per_class_pp_per_class": {
        "1": 0.678750300613722,
        "10": 0.7678358212403962,
        "11": 0.7692538837602508,
        "12": 0.7636542229517342,
        "13": 0.7624628460902317,
        "14": 0.7123594853738165,
        "15": 0.6066364556899108,
        "16": 0.37785299112711823,
        "17": 0.7256382307391738,
        "18": 0.7278694016209823,
        "19": 0.8101251811641109,
        "2": 0.8049903478118084,
        "20": 0.8127209104025809,
        "3": 0.8043058842314534,
        "4": 0.8147883480227208,
        "5": 0.8135464891196234,
        "6": 0.7866450426289747,
        "7": 0.7816656220081016,
        "8": 0.7128197557744542,
        "9": 0.7101144675553643
    },
    "dc_per_class_raw": {
        "1": 0.6786660996335531,
        "10": 0.7675499447186538,
        "11": 0.7688843189365289,
        "12": 0.7636983665331255,
        "13": 0.7624488846738541,
        "14": 0.7170597159698674,
        "15": 0.7003645645469501,
        "16": 0.5545161218164257,
        "17": 0.7247617477134073,
        "18": 0.7271076806246706,
        "19": 0.8098749693292582,
        "2": 0.8047520660061436,
        "20": 0.8114078051935814,
        "3": 0.8055577143927657,
        "4": 0.8148528205159736,
        "5": 0.8136853009470024,
        "6": 0.782351108200829,
        "7": 0.7789510182147757,
        "8": 0.7137977612514316,
        "9": 0.7136074453117808
    },
    "for_which_classes": [
        1,
        10,
        11,
        13,
        17,
        18,
        19,
        2,
        20,
        6,
        7
    ],
    "min_valid_object_sizes": "None",
    "num_samples": 70,
    "validation_final": "ensembled_postprocessed",
    "validation_raw": "ensembled_raw"
}